Artist,Views,Stream
$NOT,110784903.0,1127638002.0
$uicideboy$,334135108.0,2126748130.0
(G)I-DLE,1754953941.0,1304212458.0
*NSYNC,1027832862.0,1427833756.0
070 Shake,96099359.0,464748617.0
112,219134459.0,498963855.0
11:11 Music Group,12672824.0,178648419.0
1nonly,87929514.0,638891852.0
2 Chainz,898368236.0,1995600087.0
21 Savage,171822850.0,2186417001.0
24kGoldn,691518866.0,3196171623.0
2Pac,1092522407.0,3256831814.0
3 Doors Down,2285562099.0,1687697599.0
42 Dugg,710220208.0,864602230.0
5 Seconds of Summer,896683179.0,4025269702.0
50 Cent,4560240727.0,4059566414.0
6LACK,834512766.0,2379502673.0
6ix9ine,4990118182.0,3485219252.0
A Boogie Wit da Hoodie,436323847.0,3328674589.0
A Day To Remember,250881937.0,1024190620.0
A Tribe Called Quest,143591509.0,740669596.0
A$AP Ferg,495040750.0,1992470252.0
A$AP Rocky,1151745928.0,3306084916.0
A.R. Rahman,1236138927.0,606913932.0
ABBA,1969452551.0,3347361606.0
AC/DC,3377765872.0,5941405897.0
AJR,428987284.0,1645948980.0
AP Dhillon,1166886877.0,1110345507.0
ARASHI,205919712.0,186848781.0
ATB,174479503.0,768264497.0
ATEEZ,597259504.0,533630491.0
AURORA,693306557.0,1111602554.0
AYLIVA,72940759.0,220107804.0
Aaliyah,60219258.0,449892730.0
Aaron Smith,536905039.0,903382522.0
Abel Pintos,449961896.0,482661986.0
Abhijeet,536050601.0,111216067.0
Academy of St. Martin in the Fields,17650254.0,68504178.0
Ace of Base,542532325.0,685920941.0
Adam Levine,210033401.0,655635401.0
Adele,5923357240.0,8046680866.0
Ado,782190674.0,540545456.0
Adolescent's Orquesta,179252455.0,750088010.0
Aerosmith,2014205737.0,3287252960.0
Afgan,222508537.0,247197709.0
Afrojack,152236811.0,439328884.0
Ahmet Kaya,343367556.0,251799845.0
Aimer,283339087.0,440634823.0
Air Supply,562028330.0,1050318306.0
Aitana,495217817.0,1324379341.0
Aitch,257571616.0,747292782.0
Ajaxx,423422408.0,365210174.0
Ajay-Atul,1228281128.0,160821057.0
Akhil,1503634844.0,334462328.0
Akon,4411728077.0,2475948892.0
Al Green,90168492.0,903407448.0
Alabama,144788634.0,542871105.0
Alan Gomez,432169310.0,288203780.0
Alan Jackson,695941995.0,1012008582.0
Alan Walker,7256847112.0,4692610699.0
Alanis Morissette,503799951.0,1031692650.0
Alceu Valença,739991658.0,322301149.0
Alec Benjamin,642429988.0,2621950874.0
Alejandra Guzman,603718173.0,507142054.0
Alejandro Fernández,1587005013.0,1668961258.0
Alejandro Sanz,1083785021.0,1461593517.0
Aleks Syntek,318127432.0,561031421.0
Aleman,786961471.0,657186185.0
Alessia Cara,881029285.0,3798983895.0
Alesso,990336753.0,3163296297.0
Alex G,6737396.0,281187396.0
Alex Ubago,319689263.0,498221193.0
Alex Zurdo,481282969.0,130966399.0
Alexandre Desplat,4451683.0,269023211.0
Alexis y Fido,681939372.0,634690507.0
Alfonso Herrera,194883.0,0.0
Alfredo Olivas,655240866.0,799137401.0
Alice Cooper,309524081.0,620251641.0
Alice In Chains,457895968.0,1265225119.0
Alicia Keys,2013525538.0,3675485196.0
Aline Barros,154340729.0,176112939.0
Alka Yagnik,2026771933.0,451386242.0
All Time Low,214490333.0,1031448615.0
Allman Brothers Band,48808652.0,712876352.0
Almighty,178103552.0,197154032.0
Aloe Blacc,176077863.0,777236994.0
Alok,701359217.0,1679347079.0
Alonzo,474283628.0,369713097.0
Alphaville,554073183.0,729735963.0
Amaal Mallik,888945355.0,355506589.0
America,55636780.0,1012285028.0
Amit Trivedi,392224786.0,339416776.0
Amitabh Bhattacharya,687087988.0,489748107.0
Amy Winehouse,1894403480.0,2809015226.0
Ana Bárbara,634086245.0,525455832.0
Ana Castela,597198541.0,452798440.0
Ana Gabriel,596221298.0,799841645.0
Ana Mena,671851674.0,620323371.0
Anahí,67609948.0,575976223.0
Ananya Bhat,296907775.0,89057758.0
Anderson .Paak,950860259.0,1984638861.0
Andrea Bocelli,1134644333.0,730437867.0
Andrés Calamaro,448672135.0,777566848.0
Andrés Cepeda,508968035.0,286381923.0
Andy Grammer,222533360.0,1711396814.0
Andy Williams,12829252.0,1043434279.0
Angel Y Khriz,359957966.0,541902479.0
Angus & Julia Stone,0.0,1020142406.0
Angèle,542729117.0,916838012.0
Anirudh Ravichander,796632490.0,469092138.0
Anitta,1371697726.0,1361008460.0
Ankit Tiwari,724517952.0,338710039.0
Anne-Marie,2591854925.0,4287115288.0
Annie Lennox,1893856666.0,1685061702.0
Antonio Aguilar,354859975.0,405187349.0
Antonio Orozco,224121027.0,401817427.0
Antonio Vivaldi,26662857.0,198819794.0
Antônio Carlos Jobim,6785466.0,401443612.0
Anuel AA,3527983612.0,3393740180.0
Anuradha Paudwal,857238622.0,89514116.0
Apache 207,342983867.0,1045545926.0
Aphex Twin,31694827.0,385065807.0
Arcade Fire,91590709.0,698693851.0
Arcane,546303760.0,1511208283.0
Arctic Monkeys,2299622789.0,7284386122.0
Arcángel,3929498688.0,1682670610.0
Aretha Franklin,187762610.0,1608177290.0
Ariana Grande,4458245963.0,10857411888.0
Arijit Singh,2073443508.0,1174763248.0
Arizona Zervas,209413863.0,1870201869.0
Armaan Malik,1652640130.0,444665635.0
Armand Van Helden,25562336.0,293142898.0
Armin van Buuren,966170833.0,1103876058.0
Asees Kaur,2235180406.0,761030237.0
Asha Bhosle,412942948.0,114267322.0
Ashanti,730975080.0,681127999.0
Ashe,122583586.0,954446938.0
Ati242,43550795.0,152693935.0
Atif Aslam,2666694852.0,632460573.0
Audioslave,1583477897.0,1419408012.0
Ava Max,1766354652.0,4004609120.0
Avenged Sevenfold,1289210473.0,1905232934.0
Aventura,2537488072.0,2796117562.0
Avicii,5117023297.0,8523309597.0
Avril Lavigne,2808455158.0,2534226302.0
Aya Nakamura,1497324976.0,1106530586.0
B Praak,3081558854.0,642003072.0
B.o.B,1841748471.0,2113653544.0
BIA,162069672.0,579221255.0
BIGBANG,1914033633.0,850763096.0
BK,859144837.0,275607830.0
BLACKPINK,9392961989.0,4015972500.0
BONES,91987156.0,729876228.0
BTS,5607867002.0,6367910267.0
BUMP OF CHICKEN,393601130.0,182163980.0
Babasónicos,169532482.0,502882165.0
Baby Keem,142430028.0,1621273397.0
Baby Rasta,676928115.0,375546822.0
Bacilos,450566567.0,1009649560.0
Backstreet Boys,2839588974.0,2749267747.0
Bad Bunny,3511415633.0,7767438098.0
Bad Omens,65263281.0,218954750.0
Badshah,3466007095.0,549669295.0
Bailey Zimmerman,105275736.0,394231719.0
Banda Cuisillos,56306559.0,232178830.0
Banda El Recodo,685556355.0,612993748.0
Banda Los Recoditos,2281701300.0,927746027.0
Banda MS de Sergio Lizárraga,1066003280.0,1616901575.0
Banda Machos,94437356.0,315951868.0
Banda Pequeños Musical,164361433.0,237821689.0
Barbra Streisand,110095347.0,567513725.0
Barry White,208571818.0,721655288.0
Bas,140985630.0,761215054.0
Bastille,1937749171.0,4088519377.0
Bazzi,930163362.0,3950813667.0
Beach House,109991272.0,1072244477.0
Beach Weather,16955804.0,352210611.0
Bear McCreary,13505166.0,128438247.0
Beastie Boys,340502524.0,1056353552.0
Bebe Rexha,4216687620.0,6379087521.0
Beck,217537416.0,664349009.0
Becky G,5845475437.0,3315165071.0
Becky Hill,308675460.0,2102826748.0
Bedoes 2115,39685044.0,118911910.0
Bee Gees,1256853152.0,2634668438.0
Belanova,344876277.0,397896127.0
Belinda,1130245470.0,473592632.0
Belo,286044599.0,118761847.0
Ben E. King,42772134.0,857340863.0
Ben&Ben,0.0,1040359602.0
Benjamin Blümchen,3135883.0,45930587.0
Benny Benassi,249370565.0,370757806.0
Benny Dayal,927554951.0,238239098.0
Benny Sings,42383368.0,528968205.0
Beret,1147045522.0,873662553.0
Berliner Philharmoniker,18102296.0,207829975.0
Bethel Music,420070218.0,521214264.0
Beyoncé,4046292476.0,5178560129.0
Bibi Blocksberg,24020.0,2857877.0
Bibi und Tina,77582413.0,114924633.0
Big Sean,1748330736.0,4035984728.0
Bill Withers,88969084.0,1532214821.0
Billie Eilish,4821568774.0,10747172641.0
Billie Holiday,24054266.0,385354245.0
Billy Currington,388194886.0,1122919305.0
Billy Idol,529199193.0,601732219.0
Billy Joel,710782249.0,2990005158.0
Billy Ray Cyrus,1452414099.0,1816457129.0
Billy Talent,94913291.0,657398938.0
Bing Crosby,10627995.0,1299071333.0
Binomio de Oro de América,367946876.0,441406372.0
Birdy,724659481.0,1967937547.0
Bizarrap,1750005775.0,2402431462.0
Björk,33742686.0,105623916.0
Black Eyed Peas,4907164345.0,4473771818.0
Black Sabbath,302115372.0,121524221.0
Blackstreet,1343319051.0,794380916.0
Blake Shelton,659488917.0,1164350964.0
Blessd,650083414.0,676534182.0
Blondie,946738349.0,855396870.0
Blue Öyster Cult,166441096.0,742570679.0
Blueface,689925404.0,1253770113.0
Blur,312303959.0,1221412025.0
Blxst,100369081.0,705231394.0
Bo Burnham,176709784.0,858152107.0
Bob Dylan,169948060.0,1608463381.0
Bob Marley & The Wailers,976300626.0,3889229938.0
Bob Seger,111995613.0,776553479.0
Bob Sinclar,710523506.0,523379486.0
Bobby Helms,21181797.0,745093767.0
Boef,144315090.0,186308048.0
Bomba Estéreo,1259398112.0,1424582524.0
Bombay Jayashri,46486926.0,144001314.0
Bon Iver,209376453.0,2300996984.0
Bon Jovi,4423105483.0,4171728877.0
Bone Thugs-N-Harmony,428752060.0,587756809.0
Boney M.,1126184003.0,1489336029.0
Bonez MC,325387962.0,938396268.0
Bonnie Tyler,2397988005.0,1129978140.0
Bonobo,33891968.0,267059529.0
Booba,375336261.0,350096944.0
Boosie Badazz,201213604.0,251925575.0
Bootie Brown,8435336.0,0.0
Bootsy Collins,79748967.0,147065042.0
Boston,68221446.0,1154797324.0
BoyWithUke,234404277.0,1114853343.0
Boyce Avenue,1071278880.0,788586436.0
Boyz II Men,981368816.0,913083148.0
Brad Paisley,608941276.0,778975602.0
Bradley Cooper,1960009786.0,2979104150.0
Brandi Carlile,71140156.0,374167371.0
Brandy,269102728.0,452544721.0
Brantley Gilbert,843265302.0,634127387.0
Bread,41982699.0,643411865.0
Breaking Benjamin,470480746.0,1401534616.0
Brenda Lee,25451692.0,957358909.0
Brent Faiyaz,238584811.0,1739579376.0
Brett Eldredge,80181390.0,688859093.0
Brett Young,1075424071.0,1342827581.0
Bring Me The Horizon,690983770.0,1729127626.0
Britney Spears,2993196867.0,3957085325.0
Bronco,410861373.0,353909224.0
Brooke Ligertwood,685593390.0,504078860.0
Brooks & Dunn,33246.0,1074103588.0
Brray,549262361.0,582108562.0
Bruce Springsteen,775111648.0,2495660660.0
Bruno & Marrone,38429560.0,637092442.0
Bruno Mars,10240919227.0,10897862950.0
Bryan Adams,1767102181.0,2555199292.0
Bryant Myers,1461908151.0,1028862801.0
Bryson Tiller,819958914.0,2710711085.0
Brytiago,2155753929.0,1527825601.0
Bullet For My Valentine,391146390.0,852604865.0
Bunbury,1242700734.0,631140169.0
Burl Ives,10895724.0,947555393.0
Burna Boy,1200386615.0,1729985077.0
Bushido,169745668.0,228782867.0
Busta Rhymes,1207934944.0,1138524355.0
Böhse Onkelz,67461900.0,213983497.0
C-Kan,905546923.0,338791420.0
C. Tangana,592647026.0,1447195059.0
C418,28906808.0,515621251.0
CKay,1116004224.0,1483771320.0
CRO,263585987.0,644423267.0
Caetano Veloso,42773962.0,207765808.0
Café Tacvba,758901481.0,951444050.0
Cage The Elephant,243064565.0,1386180350.0
Caifanes,123701345.0,795926103.0
Cali Y El Dandee,2854034428.0,1298549794.0
Calibre 50,1974340458.0,1632445386.0
Calle 13,1525977217.0,1325576475.0
Callejero Fino,600550680.0,279809560.0
Calum Scott,2072978599.0,3146240240.0
Calvin Harris,9758476139.0,9548541851.0
Camila,1885246623.0,1182153944.0
Camila Cabello,4008163546.0,8418823243.0
Camille Saint-Saëns,197336314.0,294098171.0
Camilo,2385650264.0,2554184499.0
Camilo Sesto,316612942.0,426723898.0
Canserbero,1146681745.0,902140645.0
Capital Bra,543845931.0,829892105.0
Capital Inicial,566952458.0,202303378.0
Capo,276655629.0,398393323.0
Capo Plaza,303660244.0,528461551.0
Caralisa Monteiro,1140510239.0,179358309.0
Cardenales De Nuevo León,610196949.0,731516925.0
Cardi B,4021026248.0,5585396623.0
Carin Leon,1535409560.0,1442137887.0
Carla Morrison,846708785.0,965292557.0
Carlos Baute,1752782451.0,792748311.0
Carlos Rivera,1333122263.0,1061682869.0
Carlos Vives,4401407606.0,2217793404.0
Carly Rae Jepsen,2288699564.0,2180130322.0
Carly Simon,122678018.0,557369125.0
Carpenters,184291833.0,831572295.0
Carrie Underwood,548794254.0,1126803129.0
Cartel De Santa,1504707530.0,1374816347.0
Cascada,319942576.0,207476711.0
Cassie,709178939.0,475428814.0
Casting Crowns,225918453.0,430418805.0
Cavetown,157515144.0,1547223876.0
Cazzu,1624309668.0,575054164.0
Cedric Gervais,297150693.0,833668113.0
CeeLo Green,107468215.0,602262744.0
Celia Cruz,368865258.0,535735144.0
Cem Adrian,269011443.0,260928509.0
Central Cee,529355827.0,1338669891.0
Chalino Sanchez,586498315.0,559060189.0
Chance the Rapper,602163735.0,3044941234.0
Charles Ans,365367550.0,390296847.0
Charles Aznavour,46123932.0,363372107.0
Charli XCX,82178546.0,983890647.0
Charlie Brown Jr.,293780853.0,857188362.0
Charlie Puth,12167594191.0,7041186648.0
Charly García,48294732.0,325386868.0
Chase Atlantic,138398042.0,1696054337.0
Chayanne,1514452874.0,1170669025.0
Cheat Codes,343321024.0,1792644544.0
Chelsea Cutler,45382527.0,1333392610.0
Chencho Corleone,3318726551.0,4149128850.0
Cher,381556862.0,1189623880.0
Cherish,63578059.0,106005136.0
Chet Baker,26788465.0,408580542.0
Chevelle,207640789.0,493586512.0
Chicago,136837249.0,1044827536.0
Chief Keef,427830846.0,1115765676.0
Childish Gambino,2124564702.0,4371269470.0
Chill Fruits Music,8790602.0,186864016.0
Chinmayi,281515347.0,259680861.0
Chitãozinho & Xororó,762386330.0,251168984.0
Chris Brown,1841215133.0,3466971232.0
Chris Isaak,48969815.0,501992836.0
Chris Lake,160641499.0,555055651.0
Chris Rea,211753689.0,93666394.0
Chris Stapleton,1169748040.0,2020896571.0
Chris Tomlin,258150343.0,608653000.0
Chris Young,354566766.0,913098746.0
Christian Chávez,151598463.0,575976223.0
Christian Nodal,3365775591.0,2365531690.0
Christian Rode,24854.0,0.0
Christina Aguilera,2709397832.0,3038433822.0
Christina Perri,3004757736.0,2415817243.0
Christopher Cross,81099239.0,538100202.0
Christopher von Uckermann,8059196.0,22938485.0
Chuck Berry,96347712.0,1018722422.0
Ciara,1603830470.0,1287386672.0
Cigarettes After Sex,43804664.0,2069671339.0
City Girls,449336946.0,843091291.0
Clairo,115514168.0,2308087946.0
Claptone,145511741.0,401011443.0
Claude Debussy,299787494.0,414684941.0
Claudio Abbado,607742.0,108600775.0
Clayton & Romário,0.0,211200275.0
Clean Bandit,5910481369.0,5731256397.0
CoComelon,14601671211.0,369082154.0
Cocteau Twins,13580944.0,248051479.0
Cody Johnson,135622982.0,815043256.0
Coez,323972085.0,486785960.0
Coi Leray,303872979.0,236282029.0
Colbie Caillat,644103981.0,1778151636.0
Colby O'Donis,108292354.0,56531956.0
Coldplay,9997277884.0,11778478236.0
Commodores,160965912.0,827856636.0
Conan Gray,302929573.0,2816852064.0
Conjunto Primavera,648906612.0,531274176.0
Connor Price,13520309.0,181457983.0
Coolio,1194850338.0,85932624.0
Cosculluela,2101104716.0,1346591891.0
Counting Crows,391467128.0,1025892572.0
Craig David,232695481.0,594692188.0
Cream,47123008.0,779348300.0
Creed,873205142.0,944816710.0
Creedence Clearwater Revival,686371140.0,3744668629.0
Cris Mj,564778677.0,951950341.0
Cristian Castro,405587911.0,883823960.0
Crowded House,232156821.0,813154141.0
Crystal Castles,76055171.0,582030046.0
Cuco,257760139.0,1000011925.0
Cults,203638248.0,1013194323.0
Cultura Profética,394481243.0,532968658.0
Curren$y,5971094.0,165770154.0
Cyndi Lauper,1864204804.0,1698482812.0
Cypress Hill,419194970.0,791963917.0
Cássia Eller,153434769.0,469385370.0
Céline Dion,1124478271.0,1715868423.0
Código FN,93770452.0,281460531.0
D-Block Europe,129975393.0,433674899.0
D.O.D,7204979.0,118696166.0
D.O.E.,884820963.0,0.0
D12,232383878.0,618440381.0
DENNIS,823953858.0,870328657.0
DIVINE,873757760.0,252138117.0
DJ Alex,202603549.0,182199451.0
DJ Drama,86914569.0,223014361.0
DJ Khaled,3646462456.0,4102356359.0
DJ Luian,5097752621.0,3012530860.0
DJ Nelson,2220274976.0,1318645947.0
DJ Premier,50378376.0,116039041.0
DJ Snake,9180268355.0,7739462799.0
DMX,1136729886.0,990503203.0
DVRST,146431562.0,471432811.0
DaBaby,2081852502.0,5736052602.0
Daddy Yankee,10871926842.0,5135462481.0
Dadju,1104166151.0,671209781.0
Daft Punk,1590667089.0,3429593615.0
Dalex,1755100106.0,3176415015.0
Dallass,404933990.0,299020814.0
Damas Gratis,1331432343.0,416818730.0
Damian Marley,1074091298.0,807453923.0
Damso,334642254.0,791008781.0
Dan + Shay,647636708.0,2652590473.0
Daniel Barenboim,4139604.0,180384294.0
Daniel Caesar,1052479627.0,3817523984.0
Daniel Hope,2414552.0,512787775.0
Danna Paola,1372930330.0,1351551874.0
Danny Elfman,29684411.0,168337138.0
Danny Ocean,734857671.0,2967043872.0
Darell,4384668326.0,1832505099.0
Darius Rucker,937955851.0,1119727862.0
Darlene Love,37082384.0,360352482.0
Darshan Raval,1993706438.0,511185616.0
Daryl Hall & John Oates,6964996.0,2391872583.0
Daughtry,531101432.0,678198852.0
Dave,448532300.0,1379722174.0
Dave Matthews Band,73438442.0,512647858.0
Dave Stewart,1721724710.0,1329883401.0
David Bisbal,922864043.0,1097981278.0
David Bowie,302224091.0,2457583073.0
David Guetta,2744030203.0,4518490844.0
Davido,482869809.0,259825375.0
Dawid Podsiadło,170976688.0,193354569.0
Daya,96094774.0,1516680840.0
De La Ghetto,2192508637.0,1722419455.0
Dean Lewis,457722506.0,2552668219.0
Dean Martin,72630610.0,1163296972.0
Death Cab for Cutie,37318284.0,597432893.0
Deep Purple,253248237.0,119897944.0
Def Leppard,225450242.0,851846365.0
Deftones,172943888.0,905316810.0
Demi Lovato,5931874452.0,5293475809.0
Denzel Curry,69217305.0,697349358.0
Depeche Mode,1269992605.0,526015198.0
Dermot Kennedy,186132051.0,1512332454.0
Descemer Bueno,1599789879.0,686055314.0
Destiny's Child,1222376483.0,2095522728.0
Devi Sri Prasad,567576102.0,227496804.0
Dewa 19,181514241.0,261162359.0
Dhanush,571342324.0,423493740.0
Diana Krall,46801061.0,379986015.0
Diana Ross,37387580.0,515875969.0
Diddy,454091176.0,1054083414.0
Dido,773730282.0,842434825.0
Die Kita-Frösche,230672863.0,241714962.0
Die drei !!!,66390.0,3285700.0
Die drei ???,219120.0,0.0
Die Ärzte,74191732.0,254804376.0
Diego & Victor Hugo,0.0,813509897.0
Diego Torres,599820869.0,542993787.0
Diego Verdaguer,652501412.0,384759662.0
Dierks Bentley,334997807.0,906220981.0
Diljit Dosanjh,755315837.0,386406606.0
Dilsinho,1427621654.0,868953636.0
Dimitri Vegas & Like Mike,38776740.0,568041524.0
Dina Rae,159923.0,0.0
Dino James,245075570.0,119247236.0
Diomedes Diaz,100388211.0,149956336.0
Diplo,2394406197.0,3569356857.0
Dire Straits,819020216.0,135725226.0
Disclosure,1196323475.0,3293514130.0
Disney,1085702126.0,2159276498.0
Disturbed,1398736119.0,2334150641.0
Divya Kumar,929587918.0,209361911.0
Djavan,94573204.0,376685871.0
Doja Cat,1551042639.0,6614680170.0
Dolly Parton,172651546.0,1502495340.0
Dominic Fike,62842753.0,1450858650.0
Don Diablo,82402359.0,229480384.0
Don Henley,10560005.0,705458583.0
Don McLean,79913731.0,785699740.0
Don Omar,1377544984.0,3219790206.0
Don Toliver,667039842.0,2983076186.0
Donna Summer,85519685.0,628364358.0
Dove Cameron,1855468447.0,980762777.0
Dr. Dre,2756183427.0,3611345590.0
Drake,1822165166.0,6662057819.0
Dread Mar I,2525738932.0,908457811.0
Dropkick Murphys,318467097.0,581697503.0
Dua Lipa,8216339307.0,13408076274.0
Duelo,260038284.0,454054877.0
Duki,450146518.0,1175045947.0
Dulce María,153205007.0,575976223.0
Duman,292577644.0,462551523.0
Duran Duran,546707804.0,1076125448.0
Duster,4400875.0,252736173.0
Dusty Springfield,14986015.0,100530128.0
Dwele,65701332.0,36426050.0
Dybbukk,14773181.0,219024452.0
E-40,132529540.0,313660653.0
ENHYPEN,422723629.0,931701883.0
EXO,2645799770.0,1310206512.0
Eagles,355552917.0,2784788214.0
Earl Sweatshirt,63153581.0,411481179.0
"Earth, Wind & Fire",6414076580.0,2406924037.0
Eason Chan,132169453.0,229938791.0
Eazy-E,430642627.0,649356708.0
Ebru Gündeş,270055468.0,170370883.0
Ed Sheeran,15460207769.0,14394881557.0
Eddie Santiago,46469973.0,538759800.0
Eden Muñoz,415409521.0,511887997.0
Edgardo Nuñez,276958623.0,287679774.0
Eduardo Costa,948226387.0,252410115.0
Edvard Grieg,9126504.0,118600209.0
Eiffel 65,980314236.0,669104422.0
El Alfa,1495148946.0,1394239195.0
El Barrio,36507539.0,127442425.0
El Canto Del Loco,184104780.0,443851338.0
El Cuarteto De Nos,180223474.0,304083177.0
El Fantasma,1148533376.0,1067204628.0
El Komander,443819186.0,561492018.0
Eladio Carrion,451701931.0,1032825963.0
Electric Light Orchestra,221067180.0,1670757389.0
Elefante,246252969.0,922784811.0
Elevation Worship,543320222.0,662417607.0
Ella Fitzgerald,21274869.0,856218122.0
Ella Henderson,173398856.0,1063876310.0
Elley Duhé,244530038.0,1623276965.0
Ellie Goulding,5707975832.0,4843789062.0
Elliott Smith,19003045.0,255691004.0
Elton John,1049692084.0,5462061681.0
Elvis Crespo,418044136.0,490113060.0
Elvis Presley,744107177.0,2381384737.0
Em Beihold,35652822.0,481223642.0
Eminem,9119323710.0,9748587734.0
Emis Killa,180854736.0,302769777.0
Emmanuel,347000535.0,616329727.0
Empire of the Sun,595305490.0,1344581055.0
Engenheiros Do Hawaii,77796455.0,315158427.0
Enigma Norteño,52643602.0,142098763.0
Ennio Morricone,102556813.0,266121172.0
Enrique Iglesias,8860270608.0,3732862184.0
Enya,397482151.0,658949965.0
Eraserheads,81062714.0,405924454.0
Eric Church,344768222.0,1349651566.0
Eric Clapton,490986556.0,1743472232.0
Eric Prydz,184240625.0,656791207.0
Erik Satie,144253619.0,308270766.0
Ernia,109908904.0,339868522.0
Eros Ramazzotti,665615696.0,709788878.0
Erykah Badu,210768789.0,476426558.0
Eslabon Armado,365627475.0,948712435.0
Espinoza Paz,570484249.0,339571775.0
Estelle,234531298.0,629164575.0
Estopa,182826235.0,482168562.0
Etta James,136951834.0,985969849.0
Europe,2477214128.0,882617730.0
Eurythmics,1694534148.0,1333814713.0
Evanescence,2848749181.0,1805500630.0
Eve,438063384.0,625629478.0
Exaltasamba,176623617.0,291012240.0
Eyedress,55654218.0,852257471.0
Ezhel,605459887.0,728129333.0
FIFA Sound,15439664.0,0.0
FLETCHER,48035408.0,530803359.0
Fabolous,289477580.0,641859088.0
Fabri Fibra,270204357.0,221474207.0
Fabrizio Paterlini,966776.0,92834299.0
Faith Evans,138843375.0,778752761.0
Faith Hill,162433890.0,481462892.0
Fall Out Boy,1517525899.0,4190697327.0
Falling In Reverse,434646622.0,920356492.0
Far East Movement,644498578.0,1010442840.0
Farruko,7125612505.0,4935549003.0
Fat Joe,1115668007.0,1093697675.0
Fatboy Slim,231801024.0,403320412.0
Feid,838625883.0,1669275647.0
Felipe Amorim,371497799.0,519104342.0
Felix Jaehn,1700471608.0,3207627258.0
Fergie,1535759258.0,1804468715.0
Fernandinho,376597369.0,275896489.0
Ferrugem,1373491551.0,756328379.0
Fetty Wap,2136494583.0,2357643465.0
Fiersa Besari,103564499.0,660771875.0
Fifth Harmony,8574436475.0,3429124463.0
Filipe Ret,736009128.0,868744102.0
Fiona Apple,79158158.0,263218071.0
First Aid Kit,71207121.0,455190365.0
Fito Paez,54126557.0,450041866.0
Fito y Fitipaldis,285793664.0,508752758.0
Five Finger Death Punch,1017839402.0,1222511531.0
Fleetwood Mac,386257329.0,5063010174.0
Flo Rida,3351876105.0,5174460576.0
Florence + The Machine,578578618.0,2001659236.0
Florida Georgia Line,2386417770.0,3671555301.0
Flowdan,4038348.0,42659904.0
Flume,359468065.0,1283079836.0
Fonseca,704031865.0,610813096.0
Foo Fighters,1581716039.0,3578430266.0
Foreigner,530247586.0,1340094689.0
Foster The People,1158790107.0,2617307813.0
Four Tops,68883401.0,705946132.0
Fran C,80215296.0,168992827.0
Franco De Vita,781558153.0,868700909.0
Frank Ocean,9749292.0,4612758657.0
Frank Sinatra,273357397.0,2281044666.0
Frankie Ruiz,35549615.0,525283810.0
Franz Ferdinand,145286951.0,1016254166.0
Franz Liszt,60363389.0,208879864.0
Franz Schubert,4385009.0,138653676.0
Fred again..,15944504.0,434563752.0
Freddie Dredd,112885633.0,736331372.0
Freddie Gibbs,36435998.0,265800677.0
French Montana,2561518526.0,3485348581.0
Freshlyground,6547333.0,6659588.0
Frédéric Chopin,716421051.0,385240371.0
Fuego,119706225.0,379602667.0
Fuerza Regida,495278076.0,539994326.0
Fugees,664615584.0,1079511603.0
Fujii Kaze,233293007.0,523814863.0
Future,857522832.0,2977183025.0
Fünf Freunde,74748.0,398843.0
G Herbo,198308063.0,666488553.0
G-Eazy,3024265178.0,4232895120.0
G. V. Prakash,289602617.0,203495269.0
GIMS,2598748700.0,794357923.0
GZA,10440662.0,205735969.0
Gaab,882185533.0,457225481.0
Gabito Ballesteros,145443354.0,176152767.0
Gabry Ponte,479008462.0,1563015079.0
Gala,417162381.0,308907476.0
Galantis,1237541583.0,2390298580.0
Gavin Greenaway,60907428.0,385363591.0
Gazo,167990502.0,514183757.0
Gemitaiz,128274522.0,393305014.0
Gene Autry,8854854.0,263765966.0
Genesis,190904894.0,0.0
Gente De Zona,2641771178.0,1300427989.0
Geolier,45683068.0,105033863.0
George Benson,62026808.0,426219829.0
George Ezra,550806461.0,3008121086.0
George Frideric Handel,3589458.0,130721695.0
George Harrison,107221645.0,886529718.0
George Michael,1459890555.0,1754603641.0
George Strait,413961930.0,893699811.0
Gera MX,1257765311.0,991241313.0
Gerardo Ortiz,716931999.0,702289994.0
Germ,17640315.0,202205298.0
Gesaffelstein,382290477.0,1392681110.0
Ghost,233452212.0,773313522.0
Ghostemane,670916831.0,1132819902.0
Ghostface Killah,23771182.0,132049254.0
Gibbs,171882849.0,147481355.0
Gigi D'Agostino,1151570940.0,1951781922.0
Gilberto Gil,33918760.0,209182366.0
Gilberto Santa Rosa,686616747.0,646946052.0
Ginuwine,596423814.0,953614346.0
Gipsy Kings,212091778.0,177392539.0
Girls' Generation,1403069318.0,321830289.0
Giveon,1147078726.0,3503572927.0
Glass Animals,739869933.0,3436405266.0
Glee Cast,167536599.0,550122796.0
Glenn Fredly,153307673.0,407124706.0
Gloria Estefan,297255043.0,609073672.0
Gloria Gaynor,217890002.0,1025131777.0
Gloria Trevi,1370619573.0,717078470.0
Godsmack,606148127.0,900460195.0
Gojira,89758418.0,286906997.0
Good Charlotte,269326916.0,945898391.0
Gorillaz,2043942846.0,3193174375.0
Gotye,2176776896.0,1498868664.0
Grateful Dead,49921396.0,493423236.0
Green Day,2244695395.0,4653077098.0
Gregory Alan Isakov,43284087.0,595853844.0
Grey,447925662.0,2608899472.0
Grimes,276836358.0,706474600.0
"Grover Washington, Jr.",96785282.0,588702410.0
Grupo 5,81670932.0,143660340.0
Grupo Arriesgado,163257719.0,238011668.0
Grupo Bryndis,645916429.0,458039238.0
Grupo Firme,1971750855.0,1532237470.0
Grupo Frontera,501958864.0,472596439.0
Grupo Laberinto,226867422.0,226444375.0
Grupo Marca Registrada,249984417.0,714954015.0
Grupo Menos É Mais,168241445.0,559706126.0
Grupo Niche,491901058.0,661555920.0
Grupo Revelação,714217355.0,309731754.0
Grupo Yndio,79516923.0,78277081.0
Gryffin,215877148.0,1046967868.0
Gucci Mane,1157578406.0,2091770914.0
Guilherme & Benuto,3877.0,848384474.0
Gunna,409666608.0,3389220725.0
Guns N' Roses,6302985885.0,5579041783.0
Gurinder Gill,1326359670.0,1047119107.0
Gurlez Akhtar,710480307.0,69654299.0
Guru Randhawa,3245861881.0,364596314.0
Gustavo Cerati,403114489.0,835588043.0
Gustavo Mioto,342986754.0,673763777.0
Gustavo Santaolalla,14414454.0,197286155.0
Gusttavo Lima,1024654742.0,761121661.0
Guè,23426719.0,115869477.0
Gwen Stefani,926392134.0,1857188128.0
Gym Class Heroes,1036767892.0,1614359745.0
Gzuz,185835116.0,563442810.0
H.E.R.,564283985.0,1281519320.0
HARDY,108192006.0,442819236.0
Ha*Ash,3137439235.0,849057055.0
Haftbefehl,20062233.0,157863610.0
Hailee Steinfeld,1373786966.0,4259167316.0
Halsey,4003996673.0,8835926429.0
Hamza,105756718.0,381454231.0
"Hank Williams, Jr.",248465464.0,497819302.0
Hans Zimmer,40372851.0,858255899.0
Hardwell,194638207.0,486138263.0
Haricharan,265684952.0,129567196.0
Hariharan,3188275288.0,203871112.0
Harini,166257220.0,106413398.0
Harish Raghavendra,12881578.0,112767904.0
Harris Jayaraj,368166873.0,196397776.0
Harry Styles,2606495753.0,9347207610.0
Harshdeep Kaur,1005840845.0,248728788.0
Heart,797817263.0,1067976366.0
Hector & Tito,55172.0,239867918.0
Helene Fischer,215270689.0,422695029.0
Henrique & Juliano,6132435.0,1509612994.0
Herbert von Karajan,14160363.0,122084907.0
Heroes Del Silencio,584144349.0,657361881.0
Hikaru Utada,316615758.0,250164134.0
Hillsong UNITED,510892011.0,987263421.0
Hillsong Worship,904662378.0,282772397.0
Himesh Reshammiya,1293315221.0,195928280.0
Hollywood Undead,132883032.0,942448459.0
Hombres G,98821121.0,1214061549.0
Hoobastank,1036621050.0,980494300.0
Hotel Ugly,4657748.0,328435285.0
Howard Shore,37930749.0,331818066.0
Hozier,930607650.0,2116189344.0
Huey Lewis & The News,130996750.0,680231181.0
Hugh Jackman,165858993.0,2107723566.0
Hugo & Guilherme,8289078.0,770671021.0
Hungria Hip Hop,1539112540.0,495101411.0
"Héctor ""El Father""",52535156.0,409950803.0
Héctor Lavoe,72622353.0,363696534.0
I Monster,6787889.0,131267147.0
I Prevail,205383825.0,634338016.0
I Virtuosi Italiani,69514738.0,370905188.0
ILLENIUM,783646606.0,1233275689.0
INNA,403431589.0,334883684.0
INTERWORLD,49293254.0,251778634.0
INXS,229283948.0,1080864444.0
ITZY,1751770084.0,1137545163.0
IU,1209031602.0,1062267193.0
IVE,545146949.0,651707181.0
Ice Cube,406181878.0,1848957270.0
Ice Nine Kills,28125509.0,218066999.0
Idina Menzel,1932269603.0,1970167078.0
Iggy Azalea,2632949908.0,1873259682.0
Iggy Pop,109442997.0,584275630.0
Ilaiyaraaja,261843877.0,93752229.0
Imagine Dragons,9093785238.0,11858310928.0
Imanbek,311749124.0,2384115758.0
In Flames,35773857.0,247888124.0
Incubus,456890515.0,1187012865.0
India Martinez,186706801.0,395269819.0
Indila,1846604832.0,640578337.0
Insane Clown Posse,53260832.0,266816012.0
Inspectah Deck,2106778.0,7580254.0
Inspector,133337628.0,659919286.0
Interpol,129546627.0,511075182.0
Intocable,216130242.0,694561325.0
Iron Maiden,467769018.0,1613784310.0
Israel & Rodolffo,0.0,671920340.0
Ivan Cornejo,90516780.0,455197316.0
Ivete Sangalo,68134871.0,152469143.0
Ivy Queen,154165635.0,393281262.0
J Alvarez,371881132.0,516400239.0
J Balvin,8464877693.0,7138949876.0
J. Cole,915778736.0,6162421576.0
J.J. Cale,16816885.0,288582963.0
JAY-Z,921897085.0,3703644476.0
JID,400323958.0,1719121359.0
JIN,154771570.0,0.0
JJ Lin,578103091.0,465229937.0
JP Cooper,882462896.0,1992129857.0
JVKE,128148467.0,883293308.0
Ja Rule,787006891.0,946926107.0
Jaani,1190484953.0,160298772.0
Jack Harlow,1193787857.0,4723820751.0
Jack Johnson,177516345.0,2243176251.0
Jackson Browne,42821187.0,514041056.0
Jacquees,642670577.0,739136420.0
Jadakiss,83352632.0,235382313.0
Jaden,305868849.0,1135177342.0
Jairo Vera,79452565.0,80215558.0
James Arthur,2724593575.0,5210372362.0
James Bay,351384426.0,2764067382.0
James Blake,211974524.0,1171191318.0
James Blunt,1469196214.0,2059699086.0
James Brown,162922885.0,555444918.0
James Carter,77216379.0,259586191.0
James Horner,14709814.0,317478585.0
James Hype,32862715.0,623874711.0
James Newton Howard,68613585.0,292174536.0
James Taylor,21174304.0,899133698.0
Jamie Foxx,192368769.0,358641121.0
Jamiroquai,218940890.0,714961220.0
Janelle Monáe,253793447.0,449774965.0
Janet Jackson,219242722.0,629093596.0
Janis Joplin,111968009.0,705779738.0
Jarabe De Palo,609827359.0,989667445.0
Jason Aldean,650130772.0,1505535483.0
Jason Derulo,3974528356.0,5322021221.0
Jason Mraz,1289220589.0,3417083413.0
Jatin-Lalit,2569509095.0,258581905.0
Javed Ali,661731192.0,361453837.0
Javier Solís,246642280.0,215791812.0
Jax Jones,321650405.0,1907387264.0
Jay Chou,641639156.0,509924223.0
Jay Park,447440298.0,454479587.0
Jay Rock,328091260.0,1103329873.0
Jay Sean,886302676.0,943025826.0
Jay Wheeler,1162270943.0,1408670563.0
Jaymes Young,203994179.0,1655080050.0
Jeet Gannguli,936244977.0,253125925.0
Jeezy,380684082.0,566256798.0
Jeff Beck,37222502.0,88251507.0
Jelly Roll,420480033.0,369391974.0
Jenni Rivera,213376489.0,570303375.0
Jennifer Lopez,6229827526.0,2462557231.0
Jeremih,1081434970.0,2828854749.0
Jeremy Soule,15028834.0,216059742.0
Jeremy Zucker,1007216092.0,2396472940.0
Jerry Rivera,590762716.0,568438781.0
Jess Glynne,673586805.0,2723661604.0
Jesse & Joy,0.0,1943483413.0
Jessie J,4212473502.0,2905619830.0
Jessie Reyez,396560650.0,1306484232.0
Jesús Adrián Romero,1433535038.0,520476696.0
Jhayco,3794966637.0,5491459669.0
Jhené Aiko,826151082.0,1449238782.0
Jim Croce,16012642.0,589692943.0
Jimi Hendrix,119469446.0,1812252184.0
Jimin,102240027.0,0.0
Jimmy Buffett,27855571.0,317831073.0
Jimmy Eat World,130330806.0,1084212771.0
Joan Jett & the Blackhearts,987013120.0,549409258.0
Joan Sebastian,565272568.0,1406336979.0
Joaquín Sabina,476811731.0,398089041.0
Joe,348854260.0,412899250.0
Joe Cocker,169641152.0,780077302.0
Joe Hisaishi,31166796.0,219062028.0
Joel Corry,597551938.0,2082071085.0
Joey Bada$$,119622693.0,1096908874.0
Johann Sebastian Bach,39538521.0,497844727.0
Johannes Brahms,93577520.0,170051253.0
John Coltrane,32084078.0,413724337.0
John Denver,203033382.0,1269587965.0
John Legend,4976877689.0,2517734387.0
John Lennon,629309574.0,1604578284.0
John Mayer,445896194.0,3372784901.0
John Mellencamp,137053596.0,848024827.0
John Newman,2048858489.0,1867482492.0
John Powell,19144781.0,278847295.0
John Travolta,151861978.0,847351714.0
John Williams,86687544.0,668973983.0
Johnny Cash,452376413.0,2004718120.0
Joji,684926144.0,3498091039.0
Jon Pardi,286265100.0,1421580919.0
Jon Z,1477768789.0,610214304.0
Jonas Blue,2903173781.0,4513926704.0
Jonas Brothers,764002684.0,3227982599.0
Jonita Gandhi,1073064658.0,365728038.0
Jordan Davis,179373682.0,1057665162.0
Jorge & Mateus,0.0,910476055.0
Jorge Ben Jor,32184589.0,258998389.0
Jorge Drexler,96659406.0,295398186.0
Jorja Smith,370163147.0,1233524495.0
Jory Boy,674059350.0,485455777.0
Josh Turner,354751688.0,878090565.0
José Alfredo Jimenez,88118033.0,236965162.0
José Feliciano,108233597.0,819426105.0
José González,56393013.0,786465264.0
José José,427172904.0,1016372884.0
José Luis Perales,105335677.0,451009773.0
Jota Quest,537342052.0,353688868.0
Journey,528257657.0,2739025421.0
Jovanotti,269869166.0,284123084.0
Jowell & Randy,82667250.0,1507665461.0
Joy Division,128394292.0,695390060.0
Joyner Lucas,359832864.0,1367573968.0
João Gilberto,35279185.0,461685558.0
João Gomes,626692236.0,809418620.0
Juan Gabriel,1307859339.0,1003784599.0
Juan Luis Guerra 4.40,212080607.0,830304510.0
Juan Magán,2460067864.0,1667146658.0
Juanes,1585082600.0,1836087760.0
Jubin Nautiyal,4852269305.0,859785759.0
Judas Priest,219128522.0,653861994.0
Juelz Santana,46667963.0,99134581.0
Juice WRLD,2327559064.0,7097430333.0
Juicy J,1046882913.0,584638692.0
Jul,604385735.0,440853685.0
Julia Michaels,795017531.0,4383139307.0
Julieta Venegas,1103388365.0,1658760147.0
Julio Iglesias,29113572.0,288685148.0
Julio Jaramillo,196889718.0,214339955.0
Julión Álvarez y su Norteño Banda,97426102.0,578374121.0
Jung Kook,1031690954.0,0.0
Junior H,360138459.0,980764254.0
Justin Bieber,10991060236.0,12097767422.0
Justin Quiles,1511556811.0,1772941010.0
Justin Timberlake,4927748320.0,5213425852.0
Justine Skye,35478367.0,314936736.0
Jóhann Jóhannsson,1837739.0,216499459.0
K. J. Yesudas,15946249.0,54072606.0
K. S. Chithra,167187864.0,107253979.0
K.Flay,96660165.0,606294270.0
KAROL G,6023813294.0,5303143018.0
KAYTRANADA,62911882.0,620201257.0
KC & The Sunshine Band,0.0,493380212.0
KHEA,2711285670.0,1721820319.0
KISS,1265232912.0,1706735957.0
KK,762559690.0,513034893.0
Kacey Musgraves,124514725.0,1077400603.0
Kailash Kher,1683397782.0,219861882.0
Kalash,459328285.0,292633782.0
Kali Uchis,275881006.0,2127080999.0
Kane Brown,1367407354.0,2329694753.0
Kansas,310069812.0,1126809819.0
Kany García,521779354.0,556366970.0
Kanye West,1722282159.0,6517926443.0
Karan Aujla,410338814.0,217090458.0
Karsten Glück,135582399.0,241714962.0
Karthik,231152517.0,136421185.0
Kaskade,59769345.0,279061539.0
Kate Bush,454122160.0,334194348.0
Kato,15866734.0,78745069.0
Katy Perry,13120632075.0,6607328698.0
Kavita Krishnamurthy,1122053025.0,149078831.0
Kavita Seth,334615763.0,280167792.0
Ke Personajes,648657072.0,307334835.0
Keane,633127303.0,1657506479.0
Kehlani,967986046.0,2082765936.0
Keith Urban,586818234.0,975291035.0
Kelis,279759617.0,234617997.0
Kelly Clarkson,1333578693.0,2576837004.0
Kelly Rowland,388573571.0,475992907.0
Kelsea Ballerini,213829597.0,1102960225.0
Kendo Kaponi,541613533.0,491304454.0
Kendrick Lamar,1993348461.0,7113441426.0
Kenia OS,120356945.0,183089458.0
Kenny Chesney,294292930.0,1079640795.0
Kenny Dope,18417196.0,128182561.0
Kenny G,319074470.0,202677371.0
Kenny Loggins,232048433.0,1245488534.0
Kenny Rogers,361580371.0,996857678.0
Kenshi Yonezu,2571948364.0,757675715.0
Keri Hilson,690449658.0,542178675.0
Kesha,1496065308.0,2986131774.0
Kevin Gates,1034453224.0,1549792739.0
Kevin Kaarl,296225601.0,1127375010.0
Kevin Roldan,1199878456.0,837050393.0
Key Glock,115442431.0,675668285.0
Keyshia Cole,939271351.0,690741310.0
Khalid,5398246275.0,11386839915.0
Khruangbin,27604141.0,527789205.0
Kid Cudi,719209588.0,3001074497.0
Kid Ink,1010588442.0,1279881259.0
Kid Rock,899718443.0,912937139.0
Kidz Bop Kids,182247515.0,127117012.0
Killswitch Engage,192728255.0,559154658.0
Kim Petras,147740429.0,988361958.0
Kimbra,2129972272.0,1360082088.0
Kina,140132047.0,1785093501.0
King,790172372.0,524606981.0
King Von,589410012.0,959247536.0
Kingpin Skinny Pimp,54536531.0,215720293.0
Kings of Leon,990192282.0,2684848075.0
Kirk Franklin,272187631.0,193056316.0
Kishore Kumar,239745743.0,146663950.0
Kizzy,73862115.0,127516466.0
Klaas,32193784.0,390642367.0
Kodak Black,1348492364.0,3567349931.0
Kodaline,544118709.0,1825166842.0
Kollegah,114819411.0,215193707.0
Konshens,126770831.0,222233798.0
Kontra K,166146776.0,441299938.0
Kool & The Gang,1029485850.0,877260704.0
Kool Savas,100378112.0,243178528.0
Kordhell,148865223.0,617294453.0
Korn,716778505.0,1436808726.0
Kotim,328555625.0,340270709.0
Kris Kristofferson,138897569.0,309946387.0
Kumaar,1738233422.0,545077108.0
Kumar Sanu,934156228.0,203802484.0
Kygo,1806071574.0,3932892508.0
Kyla,341110439.0,25016166.0
Kylie Minogue,479726106.0,809949538.0
L.V.,2444282.0,2241476.0
L7NNON,1279221197.0,887789765.0
LANY,330990476.0,1837314236.0
LE SSERAFIM,288420439.0,511296053.0
LIT killah,1065926891.0,915811367.0
LMFAO,4557753073.0,1356775419.0
LP,459486983.0,1045874565.0
LUCKI,13399275.0,152012306.0
LUDMILLA,609904249.0,339591904.0
LX,173234233.0,257913741.0
La Adictiva,2064998696.0,1175936818.0
La Arrolladora Banda El Limón De Rene Camacho,945516828.0,1079703026.0
La Factoria,698762217.0,625458276.0
La Joaqui,394707524.0,219470891.0
La K'onga,347115688.0,355566296.0
La Ley,350307786.0,584393061.0
La Maquinaria Norteña,154599588.0,186990401.0
La Mosca Tse-Tse,123530935.0,368887666.0
La Oreja de Van Gogh,1538940939.0,1111956830.0
La Quinta Estacion,585167864.0,717870653.0
La Santa Grifa,338119889.0,414419590.0
La Sonora Dinamita,2328508757.0,307278778.0
La Sonora Santanera,560158016.0,217384779.0
Labrinth,1389536056.0,3766149017.0
Lady A,806214210.0,907112630.0
Lady Gaga,6318681691.0,7073231174.0
Lainey Wilson,46262926.0,209007088.0
Lamb of God,121655534.0,381239020.0
Lamp,2903446.0,95888322.0
Lana Del Rey,1252905216.0,3379347378.0
Lang Lang,6800610.0,264152037.0
Lasso,367515046.0,536759259.0
Last Child,526951976.0,257870565.0
Lata Mangeshkar,870125050.0,130532277.0
Latto,141327141.0,428015546.0
Laura Pausini,621754276.0,757051393.0
Lauren Daigle,586709994.0,1021326695.0
Lauv,858827779.0,4370042124.0
Laxmikant–Pyarelal,97654631.0,24954798.0
Lazza,86374578.0,430679749.0
League of Legends,1402744809.0,2498097307.0
Lecrae,122994604.0,244897955.0
Led Zeppelin,585333702.0,3324352551.0
Lee Brice,364960278.0,1599878695.0
Legião Urbana,196486355.0,671919111.0
Lenin Ramírez,1258087244.0,924943513.0
Lenny Kravitz,804751838.0,1181456219.0
Lenny Tavárez,2647118337.0,3435256283.0
Leo Dan,826730438.0,449901945.0
Leo Mattioli,47974142.0,208395562.0
Leo Santana,773184779.0,334465982.0
Leon Bridges,161994000.0,1320395617.0
Leon James,180995076.0,118021210.0
Leona Lewis,1224713251.0,1550212491.0
Leonard Cohen,465698917.0,556452286.0
Leonardo,305475558.0,177640934.0
Leslie Odom Jr.,101319716.0,1758076069.0
Lewis Capaldi,1173777877.0,6302144072.0
Liberación,360172036.0,340361213.0
Lifehouse,350008642.0,921184680.0
Lil Baby,1022366374.0,4596268508.0
Lil Durk,921647870.0,1722575292.0
Lil Jon,1644450238.0,1077632734.0
Lil Nas X,4119262237.0,8135167670.0
Lil Peep,1146621847.0,4085243270.0
Lil Tecca,671169069.0,2816462784.0
Lil Tjay,987793022.0,2919154243.0
Lil Tracy,360405419.0,926668885.0
Lil Uzi Vert,1151852419.0,5231603197.0
Lil Wayne,3162820355.0,4048580988.0
Lil Yachty,94173150.0,560905351.0
Lil' Kim,573619713.0,515124767.0
Lilly Goodman,664478678.0,168787580.0
Lily Allen,491059432.0,1247970495.0
Limp Bizkit,923191533.0,1993463823.0
Lin-Manuel Miranda,376187937.0,1468271967.0
Lindsey Stirling,1138948948.0,369741119.0
Linkin Park,5685069890.0,6362408820.0
Lionel Richie,266727609.0,919958517.0
Lisa Gerrard,23992963.0,346991287.0
Little Big Town,489568342.0,820714399.0
Little Mix,3072227997.0,3478157514.0
Lizzo,664853328.0,3199448765.0
Lloyd,350777263.0,543535267.0
Lofi Fruits Music,8772767.0,186864016.0
Logic,713025839.0,3314699502.0
Lomepal,208068688.0,441815400.0
London Philharmonic Orchestra,6460199.0,177204681.0
London Symphony Orchestra,15332242.0,479462058.0
Lord Huron,224292356.0,1561272561.0
Lorde,1442198690.0,3884704195.0
Lorenzo,10530732.0,105307936.0
Los Acosta,357136807.0,447769409.0
Los Amables Del Norte,1190670.0,2351469.0
Los Angeles De Charly,233820048.0,526837402.0
Los Auténticos Decadentes,694157446.0,650744639.0
Los Bukis,746157940.0,793123712.0
Los Bunkers,323975687.0,427519930.0
Los Cadetes De Linares,24569858.0,556276355.0
Los Cafres,690208297.0,432495698.0
Los Caligaris,242635708.0,338704343.0
Los Caminantes,84016195.0,259749313.0
Los Dareyes De La Sierra,48873825.0,96067454.0
Los Dos Carnales,1616487434.0,850538513.0
Los Enanitos Verdes,162421745.0,1290172842.0
Los Fabulosos Cadillacs,308399363.0,665376710.0
Los Gemelos De Sinaloa,164523002.0,339368099.0
Los Huracanes del Norte,167726297.0,346285935.0
Los Inquietos Del Norte,550851879.0,277432205.0
Los Invasores De Nuevo León,41727700.0,484236924.0
Los Palmeras,104655418.0,242507103.0
Los Panchos,84337582.0,217948978.0
Los Pericos,145227844.0,426785546.0
Los Prisioneros,85555240.0,469633015.0
Los Rehenes,188559286.0,252690285.0
Los Temerarios,242732135.0,670763269.0
Los Tigres Del Norte,315097986.0,898190224.0
Los Tucanes De Tijuana,271348280.0,799804565.0
Los Yonic's,99544223.0,277130973.0
Los Ángeles Azules,4739158622.0,1416115917.0
Lost Frequencies,260523960.0,1754333507.0
Loud Luxury,268594410.0,1495313822.0
Louis Armstrong,88730280.0,1279317668.0
Louis Tomlinson,526813142.0,729694990.0
Luan Santana,678073449.0,737130703.0
Lucenzo,184619228.0,1359049594.0
Luchè,98447101.0,281969914.0
Luciano,127007777.0,415727636.0
Luciano Pavarotti,238147568.0,221533630.0
Luciano Pereyra,540103961.0,250847802.0
Ludacris,496339973.0,735013837.0
Ludovico Einaudi,93977045.0,987816020.0
Ludwig van Beethoven,163746073.0,383986101.0
Luis Fonsi,11628113031.0,5054326201.0
Luis Miguel,1374345531.0,2499077799.0
Luis R Conriquez,150296270.0,987410890.0
Lukas Graham,1854145141.0,2780704465.0
Luke Bryan,1095206801.0,1946381482.0
Luke Combs,1636613011.0,3450139740.0
Lulu Santos,20201444.0,388965219.0
Lupe Fiasco,212563238.0,940882573.0
Luther Vandross,303420986.0,539001651.0
Luvli,536486111.0,0.0
Luísa Sonza,935713825.0,881787066.0
Lvbel C5,162170219.0,319653377.0
Lyanno,1466854143.0,1073914977.0
Lykke Li,68783702.0,1206855194.0
Lynyrd Skynyrd,200875640.0,2287058554.0
M. M. Keeravani,400474559.0,113134875.0
M.I.A.,552618208.0,1193398653.0
M83,573976105.0,1400927035.0
MARINA,279024262.0,1587462784.0
MAX,254481401.0,1193220313.0
MC Cabelinho,512346860.0,516642494.0
MC Hariel,586971955.0,467276960.0
MC Ryan SP,528209657.0,615446532.0
MEDUZA,361569743.0,2955516727.0
MF DOOM,62914527.0,775423588.0
MGMT,595069115.0,2265213870.0
MIKA,677947625.0,906219398.0
MK,22802195.0,638648197.0
MNEK,1136899907.0,2428343889.0
Mabel,627791587.0,2035426198.0
Mabel Matiz,822331374.0,317706710.0
Mac DeMarco,160626948.0,1804451441.0
Mac Miller,767313982.0,2947262697.0
Machine Gun Kelly,1147408526.0,2968454435.0
Macklemore,3978221640.0,5949945834.0
Macklemore & Ryan Lewis,10122055560.0,3982978343.0
Madison Beer,1075103301.0,1916942758.0
Madlib,26647822.0,439116080.0
Madonna,2129303359.0,1769110543.0
Madvillain,41121024.0,420460012.0
Maelo Ruiz,123818672.0,433537251.0
Maes,336562109.0,502449923.0
Mahalakshmi Iyer,341627031.0,138121698.0
Maher Zain,856817409.0,121473655.0
Maiara & Maraisa,111429128.0,1141072146.0
Mainstreet,1057336090.0,695062492.0
Maite Perroni,524111162.0,575976223.0
Majestic,28127920.0,515610938.0
Major Lazer,4541587170.0,690859027.0
Maldy,390423916.0,237642501.0
Maluma,5376794956.0,3889270689.0
Mambo Kingz,5097751701.0,3012530860.0
Mandy Moore,298696099.0,796577855.0
Maneva,316944910.0,388366018.0
Mano,173123770.0,51654953.0
Manu Chao,72932021.0,756620921.0
Manuel Carrasco,290768788.0,328791679.0
Manuel Turizo,4387375096.0,3379363015.0
Maná,2098818107.0,1724390797.0
Marc Anthony,3235368340.0,1736289567.0
Marca MP,424268920.0,923274346.0
Marcela Gandara,1540373639.0,361300939.0
Marcianeke,329269764.0,332157378.0
Marco Antonio Solís,796964713.0,1133130237.0
Marcos Witt,91257802.0,180423475.0
Maren Morris,329618925.0,2635065727.0
Mari Fernandez,778785498.0,590933116.0
Maria Becerra,1810956557.0,1885014824.0
Mariah Carey,3064244036.0,3628785233.0
Marilyn Manson,826899418.0,986752970.0
Mario,660705283.0,1073261077.0
Marisa Monte,122978738.0,294482035.0
Marisela,49488263.0,391642126.0
Mark Morrison,594862963.0,416488980.0
Mark Ronson,5676633012.0,3681829411.0
Maroon 5,8311252330.0,10722507616.0
Marracash,171934307.0,404419501.0
Marshmello,3025995808.0,8106855915.0
Marta Sánchez,1206140564.0,581761483.0
Martin Garrix,2633935090.0,5015790637.0
Martin Solveig,623005098.0,964976357.0
Marvin Gaye,241985586.0,2580767334.0
Mary J. Blige,920150521.0,892774248.0
María José,783601481.0,543766583.0
Marília Mendonça,1760105806.0,1592331789.0
Mase,66695854.0,312706945.0
Masego,92799038.0,738237061.0
Massive Attack,310516194.0,646335261.0
Matchbox Twenty,549295228.0,1048080806.0
Matheus & Kauan,0.0,1108579227.0
Matheus Fernandes,811928157.0,622278063.0
Matisse,383765060.0,699689843.0
Matuê,948514814.0,1064834590.0
Mau y Ricky,2825421845.0,2123770405.0
Max Richter,12003478.0,571742337.0
Mayday,251532669.0,205821136.0
Mazzy Star,74758673.0,475859286.0
Mc Davi,1068161140.0,630709392.0
Mc Don Juan,488452665.0,576028434.0
Mc IG,166694784.0,187711074.0
Mc Kevin,760700267.0,429668051.0
Mc Lipi,474476098.0,238935770.0
Mc Paiva ZS,410928645.0,332371165.0
Mc Poze do Rodo,748334486.0,488501873.0
Meat Loaf,718226543.0,589772702.0
Mecano,333597321.0,663995134.0
Meek Mill,1218170743.0,2838244089.0
Meet Bros.,2138178702.0,253990697.0
Megadeth,127266044.0,730699593.0
Megan Thee Stallion,1298088287.0,3328718489.0
Meghan Trainor,6474856734.0,4018280406.0
Melanie Martinez,1115019743.0,2958151310.0
Melendi,1889692665.0,924924302.0
Men At Work,554339248.0,946584040.0
Men I Trust,53567101.0,409915122.0
Meryl Streep,32557371.0,838225239.0
Metallica,2453461511.0,351648599.0
Method Man,200222566.0,465953258.0
Metro Boomin,650211623.0,2990155515.0
Mi Banda El Mexicano,55248896.0,504452146.0
Michael Bolton,727771339.0,599615494.0
Michael Bublé,756158440.0,3096243755.0
Michael Giacchino,44997502.0,338522990.0
Michael Jackson,5204961991.0,4606043093.0
Miel San Marcos,210841052.0,231942320.0
Miggy Dela Rosa,56250144.0,0.0
Migos,3930333524.0,5780956131.0
Miguel,895977303.0,2775626497.0
Miguel Bosé,569823328.0,814330227.0
Mijares,312969014.0,444528012.0
Mika Singh,1912614927.0,220309009.0
Mike Perry,181187793.0,1055757162.0
Mike Posner,3473132623.0,2608432003.0
Mikky Ekko,18897225.0,113828057.0
Miky Woodz,791999087.0,592128530.0
Miley Cyrus,4400196355.0,5902807705.0
Milionário & José Rico,0.0,181095963.0
Milky Chance,1155950304.0,1913815374.0
Millonario,523146759.0,374632421.0
Mindless Self Indulgence,46508382.0,337206012.0
Miracle Tones,91884798.0,468118000.0
Miranda Lambert,443409625.0,905670862.0
Miranda!,695325803.0,531601493.0
Misfits,91452989.0,310854142.0
Missy Elliott,581377693.0,1043863615.0
Mithoon,1563191528.0,517691714.0
Mitski,156333392.0,1733837213.0
Mobb Deep,342012114.0,810394894.0
Moby,199321304.0,698346127.0
Modern Talking,2430398896.0,578775441.0
Modest Mouse,156845970.0,689196530.0
Mohammed Rafi,213826334.0,121263098.0
Mohit Chauhan,1290183942.0,504309665.0
Moira Dela Torre,155337623.0,477232785.0
Molotov,290136277.0,588761939.0
Mon Laferte,1857895305.0,1254219326.0
Money Man,241489831.0,573158974.0
Moneybagg Yo,379253145.0,716270403.0
Montell Fish,17449908.0,418351629.0
Mora,535868653.0,2064798142.0
Morad,334537254.0,465212727.0
Morat,1729058313.0,1706360263.0
Morgan Wallen,604309703.0,2456398607.0
Mos Def,49530942.0,389959381.0
Mother Mother,54452498.0,1503067664.0
Motionless In White,150946285.0,362305114.0
Motörhead,103720987.0,590047462.0
Mr.Children,291060574.0,228064393.0
Mr.Kitty,14468790.0,561447345.0
Mrs. GREEN APPLE,443093419.0,640404877.0
Ms. Lauryn Hill,989990639.0,1716932385.0
Mumford & Sons,993484310.0,2458498661.0
Murda,566231147.0,373529067.0
Murilo Huff,195044422.0,320308352.0
Muse,1100132280.0,2530706011.0
Mustard,541630684.0,2083890220.0
My Chemical Romance,1217788618.0,2995727842.0
Myke Towers,2259340229.0,2516790922.0
MØ,3761898731.0,2944660430.0
Mägo de Oz,540928110.0,509201080.0
Måneskin,334337963.0,2846560940.0
Mötley Crüe,250362437.0,1510035074.0
Müslüm Gürses,524015174.0,347120559.0
Mœnia,287141902.0,447147256.0
N.W.A.,223491659.0,858575731.0
NATTAN,469350479.0,371072313.0
NAV,331445308.0,2042184008.0
NCT 127,674315301.0,564825747.0
NCT DREAM,628549039.0,474447100.0
NEFFEX,724052882.0,985750346.0
NF,1019288521.0,3569632362.0
NIKI,163126292.0,1141177389.0
NLE Choppa,1045023029.0,1699607449.0
Nakash Aziz,740108435.0,141207771.0
Nando Reis,219578883.0,595860581.0
Nanpa Básico,1121562710.0,726674519.0
Naps,1005469757.0,778014472.0
Nardo Wick,279249096.0,483717212.0
Naresh Iyer,159422261.0,169102458.0
Nas,177522360.0,980557199.0
Nat King Cole,32277600.0,1178347746.0
Natalia Lafourcade,808758577.0,1145325157.0
Natalie Cole,9409171.0,557652409.0
Natanael Cano,320310995.0,640338423.0
Natasha Bedingfield,272054798.0,941994336.0
Nate Dogg,289965984.0,361111601.0
Natiruts,326048591.0,631487635.0
Natti Natasha,8085323929.0,2907909651.0
Ne-Yo,2010510735.0,3575390434.0
Neeraj Shridhar,1153357232.0,275832938.0
Neeti Mohan,998981449.0,447644217.0
Neha Kakkar,4109668378.0,734892964.0
Neil Diamond,115885805.0,939239919.0
Nekfeu,231873539.0,599939839.0
Nelly,2584719895.0,2615843320.0
Nelly Furtado,2421195676.0,2030618950.0
Neo Beats,1039287195.0,823742361.0
New Order,117581523.0,624233129.0
NewJeans,158863468.0,0.0
Niall Horan,520805650.0,3148123800.0
Nick Cave & The Bad Seeds,30207900.0,427656560.0
Nick Jonas,636167731.0,1886075675.0
Nickelback,1049881788.0,2668944384.0
Nicki Minaj,8017064073.0,6456929603.0
Nicki Nicole,1402356693.0,1388783498.0
Nicky Jam,6322030844.0,3455007905.0
Nicky Youre,202239908.0,0.0
Night Lovell,278892545.0,808044930.0
Nightcrawlers,256473701.0,976941357.0
Nightwish,459188062.0,339448749.0
Nikhita Gandhi,1434321691.0,390280944.0
Nile Rodgers,58973675.0,121438451.0
Nina Simone,127794171.0,944716236.0
Nine Inch Nails,98724219.0,554403529.0
Ninho,388558930.0,942224370.0
Nio Garcia,1029772560.0,3332029248.0
Nipsey Hussle,646255685.0,824052497.0
Niro,86380052.0,142119501.0
Nirvana,3264249995.0,4769126288.0
Niska,704936120.0,445727451.0
Nko,67923315.0,183811594.0
No Doubt,1422096745.0,1184026015.0
No Te Va Gustar,374778032.0,533720465.0
Noah Cyrus,634227920.0,2108071742.0
Noah Kahan,12861430.0,399224994.0
Norah Jones,224022620.0,1417215691.0
Noriel,1054263074.0,858721942.0
Novo Amor,46704304.0,784326002.0
Nusrat Fateh Ali Khan,357341274.0,212103901.0
O Rappa,269938075.0,433490716.0
ODESZA,85702473.0,847353100.0
OFFICIAL HIGE DANDISM,1082409585.0,1017510709.0
ONE OK ROCK,386962380.0,492250944.0
Oasis,200308220.0,2558836850.0
Ocean Sounds,116277475.0,333494832.0
Ocean Waves For Sleep,88079066.0,387868422.0
Of Monsters and Men,609073557.0,1822673803.0
Ofenbach,460751131.0,1399705815.0
Offset,1014908289.0,2222919232.0
Ol' Dirty Bastard,64750849.0,330713185.0
Oliver Heldens,52899034.0,703635563.0
Oliver Tree,478503222.0,1484123868.0
Olivia,175981329.0,4248527.0
Olivia Newton-John,150348967.0,809142077.0
Olivia Rodrigo,1493533440.0,8854208227.0
Omar Apollo,17389304.0,405774462.0
Omar Varela,1056406682.0,596386760.0
One Direction,6337601549.0,6454400357.0
OneRepublic,4944683234.0,5234486367.0
Orelsan,230000829.0,461149215.0
Original Broadway Cast of Hamilton,47315854.0,1922812411.0
Orochi,1288327694.0,577909210.0
Oruam,520597509.0,300302712.0
Os Paralamas Do Sucesso,32705511.0,334716375.0
Oscar Maydon,151878703.0,249311132.0
Otis Redding,211022250.0,1328874907.0
Outkast,1250564283.0,2775476305.0
Outlawz,13566708.0,39119961.0
Ovi,380289864.0,379433268.0
Ovy On The Drums,1035097025.0,796449907.0
Owl City,1126531691.0,1513963844.0
Ozuna,7339189165.0,4866330279.0
Ozzy Osbourne,362752980.0,1159716410.0
P!nk,3475985667.0,3881729028.0
PARTYNEXTDOOR,497452860.0,1874594480.0
PNAU,596876538.0,1917066077.0
PNL,638918996.0,960113406.0
PSY,8101724770.0,802062499.0
PXNDX,399904066.0,534622674.0
Pablo Alborán,1805574762.0,1546551013.0
Pablo Chill-E,206841612.0,405095511.0
Pailita,476596942.0,774794799.0
Palak Muchhal,956946102.0,332889063.0
Paloma Faith,268028187.0,888977283.0
Pancho Barraza,112156863.0,518562245.0
Panic! At The Disco,2360613232.0,4966119149.0
Panteon Rococo,406863595.0,659392600.0
Pantera,581617492.0,1001201932.0
Paolo Nutini,169640578.0,757459922.0
Papa Roach,494468157.0,1612461275.0
Paramore,1466138359.0,2463743733.0
Parokya Ni Edgar,96990426.0,404387896.0
Passenger,6812669796.0,2225332869.0
Patricio Rey y sus Redonditos de Ricota,84330285.0,362648215.0
Patrick Watson,123863013.0,572803792.0
Paul McCartney,544278885.0,1711122126.0
Paul Simon,167543081.0,1310932758.0
Paulina Rubio,354535930.0,703808976.0
Paulo Londra,4986053204.0,3070740894.0
Pearl Jam,466904418.0,2441103407.0
Pedro Capó,4055475945.0,2193210795.0
Pentatonix,1331296080.0,859656393.0
Pepe Aguilar,381952702.0,835631918.0
Perry Como,18531435.0,611454799.0
Pesado,306495080.0,369128290.0
Peso Pluma,298254328.0,526360339.0
Pet Shop Boys,556288788.0,511388531.0
Peter Fox,133235752.0,403311122.0
Peter Gabriel,218478148.0,275145897.0
Peter Groeger,332.0,0.0
Pezet,25153951.0,65969192.0
Phantogram,181502735.0,712853870.0
Pharrell Williams,1083112081.0,3108737542.0
Phil Collins,802932547.0,2676000617.0
Phil Wickham,167764895.0,283780269.0
Philharmonia Orchestra,25005771.0,93623375.0
Phoebe Bridgers,32776345.0,881284097.0
Phoenix,54432738.0,804372646.0
Pierce The Veil,339864730.0,802661529.0
Pineapple StormTv,592556600.0,1115605976.0
Pinguini Tattici Nucleari,134392845.0,507636204.0
Pink Floyd,85429643.0,557368632.0
PinkPantheress,23960132.0,769201532.0
Piso 21,5080105460.0,3195466515.0
Pitbull,6106003491.0,4974721415.0
Pixies,169300604.0,1192383857.0
Pixote,1152320315.0,433355650.0
Placebo,206024789.0,396594160.0
Plain White T's,184161470.0,1127735411.0
Plan B,2149193525.0,1319611598.0
Playboi Carti,334347630.0,3089610234.0
Playero,26186734.0,55129661.0
PnB Rock,365870313.0,1447268571.0
Poison,227720372.0,686144564.0
Polimá Westcoast,240639532.0,822655565.0
Polo G,821775283.0,3905678691.0
Pop Smoke,1629835139.0,5478839546.0
Popcaan,134021473.0,251550122.0
Post Malone,6394420209.0,15251263853.0
Pouya,78523566.0,709589159.0
Pradeep Kumar,206851484.0,113654736.0
Prashant Katheriya,1574228.0,61631607.0
Pretenders,36247499.0,700808024.0
Prezioso,97384088.0,433648784.0
Prince,560679977.0,1293117652.0
Prince Royce,3756835372.0,2201849880.0
Pritam,2488875295.0,1191515913.0
Project Pat,10715463.0,99828206.0
Purple Disco Machine,217065279.0,724768618.0
Pusha T,402146932.0,685071650.0
Pyotr Ilyich Tchaikovsky,1628933.0,237027744.0
Péricles,208355503.0,309039833.0
Quavo,518809631.0,1410279144.0
Queen,4709051071.0,9384533757.0
Queens of the Stone Age,486435648.0,1031366596.0
Quevedo,629662994.0,1671453339.0
R. D. Burman,48925164.0,24661007.0
R. Kelly,20474151.0,1092334628.0
R.E.M.,1429601585.0,2166422841.0
R3HAB,83762599.0,691046204.0
RADWIMPS,481847266.0,467787240.0
RAF Camora,342762587.0,882200297.0
RAYE,194083883.0,1730113727.0
RBD,158086629.0,575976223.0
REO Speedwagon,233423594.0,827866956.0
RM,74771954.0,226847682.0
ROSALÍA,3769120294.0,3317416011.0
RZA,11838852.0,42575868.0
Racionais MC's,124808787.0,609035172.0
Radiohead,1161637835.0,2898239324.0
Rae Sremmurd,2387974493.0,3614803125.0
Raekwon,36006051.0,190101613.0
Rafaga,188106320.0,311039456.0
Raffi,19827581.0,262322313.0
Rag'n'Bone Man,2472856799.0,2015746873.0
Rage Against The Machine,348872725.0,1920466819.0
Rahat Fateh Ali Khan,2240855158.0,351000218.0
Rain Fruits Sounds,4333960.0,164270829.0
Rainbow Kitten Surprise,62111586.0,673677705.0
Ramin Djawadi,108286644.0,329560307.0
Ramirez,78969766.0,323404307.0
Rammstein,1374999207.0,1783670678.0
Ramon Ayala Y Sus Bravos Del Norte,10685740.0,153432274.0
Ramones,106092775.0,694561329.0
Randy,125603733.0,499829033.0
Randy Travis,158853435.0,481720094.0
Rascal Flatts,322017499.0,1457765111.0
Rashmi Virag,1578544460.0,374401791.0
Ratatat,42847084.0,193432318.0
Rauw Alejandro,2188736917.0,4088801507.0
Ray Charles,126140255.0,801253747.0
Ray Dalton,47124287.0,259129658.0
Raça Negra,651868949.0,218515927.0
Raí Saia Rodada,1096435652.0,449908655.0
Red Hot Chili Peppers,4061566003.0,6796467307.0
Red Velvet,1620865311.0,1270073574.0
Redimi2,626390166.0,196790841.0
Redman,132903767.0,341184668.0
Reik,4040350326.0,3070220362.0
Rekha Bhardwaj,761640312.0,225200261.0
Rels B,695554566.0,1219774886.0
Rema,778302622.0,884554318.0
Rex Orange County,187925061.0,2837827853.0
Reyli Barba,134462529.0,567376093.0
Ricardo Arjona,2199419381.0,1165535251.0
Ricardo Montaner,798621846.0,783970566.0
Rich The Kid,571093232.0,1488260374.0
Richard Marx,539154713.0,593875301.0
Rick Astley,1649104232.0,825802108.0
Rick Ross,1141053607.0,1990000355.0
Ricky Martin,3941782582.0,1841249119.0
Ricky Montgomery,126946526.0,989613818.0
Rihanna,8067026710.0,8572666958.0
Rionegro & Solimões,94645004.0,82665562.0
Rise Against,528821342.0,1604154212.0
Rita Ora,1132027431.0,2660842680.0
Riton,157551962.0,1408933573.0
Rob Zombie,326557729.0,597115983.0
Robbie Williams,883610683.0,1508926485.0
Robert Schumann,1694528.0,104656717.0
Roberto Carlos,136360035.0,415535181.0
Robin Schulz,2186405247.0,3398393767.0
Robin Thicke,973824395.0,927376377.0
Rochak Kohli,1295208949.0,485110961.0
Rocío Dúrcal,364480472.0,753678893.0
Rod Stewart,1620109129.0,1240752711.0
Rod Wave,756371951.0,889950731.0
Roddy Ricch,1477832557.0,4126045251.0
Roger,41642369.0,36531914.0
Rolf Zuckowski,72136574.0,128521047.0
Romeo Santos,5040768849.0,2903280711.0
Ronan Keating,229105957.0,671935564.0
Ronnie Flex,200387187.0,382737418.0
Roop Kumar Rathod,1023318893.0,254326536.0
Rosa Linn,34243332.0,602067048.0
Roxette,1469291594.0,1412475292.0
Roy Orbison,197623980.0,828908955.0
Royal Philharmonic Orchestra,55006770.0,141407178.0
Rubén Blades,61641911.0,324746529.0
Rudimental,1896063420.0,2119139154.0
Ruger,156436990.0,96203206.0
Rush,157735552.0,725562973.0
Russ,1054416109.0,2311393731.0
Ruth B.,269992803.0,2288437118.0
Rvssian,2075508344.0,1332220177.0
Ryan Castro,1290352398.0,997041302.0
Ryan Lewis,3649193730.0,3943692742.0
RÜFÜS DU SOL,260506165.0,774732663.0
Río Roma,1065344833.0,899094025.0
S. Janaki,92226549.0,78592487.0
S. P. Balasubrahmanyam,462540915.0,142744353.0
SAINt JHN,222983749.0,2294323102.0
SCH,636430973.0,485420604.0
SDM,45095600.0,124627314.0
SDP,257517559.0,368826847.0
SEGA SOUND TEAM,9805194.0,35199678.0
SEVENTEEN,705917228.0,690378803.0
SICK LEGEND,1142811.0,110860014.0
SYML,141239025.0,850274465.0
SZA,451690374.0,2239095495.0
Sabaton,159744077.0,645295401.0
Sabrina Carpenter,388457226.0,1276453973.0
Sachin-Jigar,867454729.0,489121265.0
Sade,615291369.0,980690487.0
Sadhana Sargam,182350151.0,161522635.0
Sagopa Kajmer,390380792.0,211838721.0
Saindhavi,314366128.0,116363823.0
Salim–Sulaiman,651771467.0,166153930.0
Salmo,211089635.0,685004678.0
Sam Cooke,118776149.0,604329037.0
Sam Feldt,257415942.0,1222766794.0
Sam Hunt,542276917.0,2079541993.0
Sam Smith,4855571478.0,7952335176.0
Santa Fe Klan,1354995404.0,1148938269.0
Santana,1270490700.0,1216985854.0
Santhosh Narayanan,745879581.0,214746936.0
Santiago Ziesmer,210608.0,0.0
Sara Bareilles,397072679.0,1296177539.0
Sarah McLachlan,122727909.0,386935149.0
Sasha Alex Sloan,350487582.0,1181617468.0
Savage Garden,896749158.0,859601453.0
Saweetie,691388575.0,1445305456.0
ScHoolboy Q,654451360.0,1904853233.0
Scooter,243576231.0,461041103.0
Scorpions,2515892032.0,1052425781.0
Seafret,254996399.0,730525651.0
Seal,110650647.0,618381033.0
Sean Kingston,3413425055.0,1771060688.0
Sean Paul,3629100080.0,2873460194.0
Sebastian Yatra,5194791572.0,3902720654.0
Sech,889466479.0,2616450524.0
Seether,606831620.0,1216953299.0
Selena,1498982603.0,1163632447.0
Selena Gomez,4070868873.0,5580137870.0
Selena Gomez & The Scene,0.0,1298429200.0
Serdar Ortaç,217308673.0,220234418.0
Sergei Rachmaninoff,85256789.0,135511160.0
"Sergio Vega ""El Shaka""",536983888.0,396104788.0
Sertab Erener,150421468.0,181047639.0
Set It Off,66048473.0,385004361.0
Seu Jorge,171243479.0,313335248.0
Sezen Aksu,247458866.0,264355579.0
Sfera Ebbasta,219444302.0,612016886.0
Shaan,1061408733.0,224117490.0
Shafqat Amanat Ali,588977102.0,234968984.0
Shaggy,1340969896.0,1849133190.0
Shakin' Stevens,120832597.0,427009941.0
Shakira,8818139786.0,4295045028.0
Shania Twain,1147768457.0,1394390651.0
Shankar Mahadevan,704973953.0,260239223.0
Shankar-Ehsaan-Loy,656359784.0,296400330.0
Shashaa Tirupati,1538345969.0,360985982.0
Shawn Mendes,7351044343.0,10111313728.0
Sheila On 7,322890395.0,406003344.0
Shekhar Ravjiani,660624133.0,326914008.0
Shenseea,188895892.0,177557622.0
Sherlock Holmes,2193172.0,1046010.0
Sheryl Crow,108535564.0,531554053.0
Shiloh Dynasty,251254447.0,939221325.0
Shilpa Rao,605689923.0,553279046.0
Shilpi Raj,1485497672.0,29611668.0
Shinedown,502555589.0,1145381980.0
Shiva,43888935.0,149233541.0
Shouse,158628221.0,963193603.0
Shreya Ghoshal,764849827.0,583131008.0
Shubh,330192596.0,0.0
Shweta Mohan,192495029.0,135428274.0
Sia,8441835336.0,7368343516.0
Sid Sriram,318471822.0,366808707.0
Siddhartha,171643194.0,393367426.0
Sidhu Moose Wala,1563773278.0,580043776.0
Sido,112301051.0,403248274.0
Sigala,221237191.0,1002372364.0
Silambarasan TR,441138851.0,217574850.0
Silk Sonic,1011726315.0,1891622192.0
Silvestre Dangond,2347974399.0,472568804.0
Silvio Rodríguez,34020386.0,351460511.0
Simon & Garfunkel,0.0,2079714321.0
Simone & Simaria,8375.0,665502967.0
Simone Sommerland,231629276.0,241714962.0
Simple Minds,666662275.0,197040514.0
Simple Plan,694090007.0,1076431782.0
Simply Red,523221852.0,863695859.0
Sin Bandera,1225051289.0,1392315295.0
Sir Arthur Conan Doyle,838361.0,103471.0
Sir Neville Marriner,8782987.0,130671365.0
Sir Simon Rattle,1214356.0,156017181.0
Skank,173144954.0,568801670.0
Skepta,225906331.0,826966823.0
Ski Mask The Slump God,334968907.0,2082256985.0
Skillet,1367118061.0,1885094673.0
Skrillex,3007371189.0,2822548529.0
Skylar Grey,277746906.0,386065280.0
Slayer,98817440.0,505454878.0
Sleeping At Last,118097764.0,1143123491.0
Sleepy Hallow,226739568.0,1145262604.0
Sleepy Penguin,383824449.0,27070465.0
Slipknot,1995245915.0,2688278387.0
Smash Mouth,611031278.0,1070522374.0
Smino,41225202.0,315884748.0
Snoop Dogg,1658173214.0,2703315378.0
Snow Patrol,547541579.0,1586021470.0
Soda Stereo,427360254.0,540073481.0
Soft Cell,122270853.0,619015437.0
Sofía Reyes,1458775423.0,1277070374.0
Solfeggio Healing Frequencies MT,92589070.0,455272275.0
Sonu Nigam,1669078145.0,330249662.0
Soolking,1664326150.0,519087912.0
Soprano,1125253889.0,270943680.0
Sorriso Maroto,429401473.0,310465601.0
Soulja Boy,989796394.0,1308083213.0
Soundgarden,425656748.0,1113669714.0
South Park Mexican,41433877.0,265608318.0
Spice Girls,978259184.0,1486258159.0
Staind,498723625.0,760043275.0
Stan Getz,8786699.0,479495189.0
Standly,638819866.0,588157769.0
Stars Music Chile,55539212.0,0.0
Starship,700605145.0,879978752.0
Steely Dan,46443136.0,849256164.0
Stephanie Beatriz,1095554299.0,930416790.0
Stephen Cleobury,2349097.0,106527038.0
Stephen Sanchez,100754764.0,813886068.0
Stereophonics,147322271.0,543266204.0
Steve Aoki,1540114575.0,1732055658.0
Steve Edwards,17767546.0,54677052.0
Steve Lacy,160777912.0,2211871617.0
Steve Miller Band,42501755.0,1056857856.0
Stevie Nicks,121660083.0,625795007.0
Stevie Ray Vaughan,50620177.0,447201458.0
Stevie Wonder,42724752.0,2384047495.0
Sting,986850539.0,1095104172.0
Stone Sour,305428299.0,924651947.0
Stone Temple Pilots,185566952.0,599984485.0
Stormzy,553556268.0,1293176151.0
Stray Kids,1269348955.0,967626371.0
Stromae,2274847231.0,1666620347.0
Sub Focus,83330849.0,252647161.0
Sublime,266067986.0,1625940793.0
Sufjan Stevens,80736105.0,886794160.0
Sujatha,44123669.0,89407212.0
Sukhwinder Singh,637990454.0,164899808.0
Sum 41,678017891.0,1575458227.0
Summer Cem,461507796.0,651287888.0
Summer Walker,405424482.0,1749422355.0
Sunidhi Chauhan,752619707.0,316872807.0
Super Simple Songs,4369560699.0,348132147.0
Supertramp,69759115.0,1264636472.0
Survivor,1012482265.0,1330261759.0
Swae Lee,4449903605.0,6747047337.0
Swarnalatha,202037857.0,70813213.0
Swedish House Mafia,2195896277.0,2004815486.0
System Of A Down,3529906536.0,3412476989.0
T-Pain,1103184890.0,1827616058.0
T.I.,1066813163.0,1625310493.0
TAEYANG,810825491.0,318584140.0
TAEYEON,532562523.0,482018799.0
TINI,1287935396.0,1316319356.0
TKKG,1908550.0,3169925.0
TLC,979874249.0,1442636667.0
TOMORROW X TOGETHER,247070858.0,701744060.0
TOOL,273558151.0,686948293.0
TOTO,1334430911.0,2487004385.0
TV Girl,1962533.0,865403310.0
TWICE,3153792524.0,2136877301.0
Tainy,2837436249.0,4259099231.0
Taio Cruz,710769949.0,1724075866.0
Take That,273763577.0,627023191.0
Takeoff,245364304.0,562462879.0
Talking Heads,279144113.0,915943754.0
Tame Impala,433147657.0,3238386519.0
Tammi Terrell,41142131.0,1052814584.0
Tanishk Bagchi,4015494668.0,830871470.0
Tarkan,597465982.0,296124193.0
Tate McRae,346606899.0,2621959595.0
Tayc,348359894.0,413214015.0
Taylor Swift,3620587127.0,4457122345.0
Tazzy,25396406.0,40785278.0
Tchakabum,295775320.0,146394876.0
Tears For Fears,816576304.0,1737374942.0
Tech N9ne,305291516.0,671125035.0
Tego Calderón,221476556.0,757576690.0
Tems,292788227.0,994610726.0
Teoman,83030003.0,251472993.0
Teto,604401958.0,756811449.0
Teufelskicker,38028.0,1115469.0
Thalia,2792574532.0,1247167759.0
Thaman S,675998731.0,210338103.0
The 1975,226433320.0,1688789665.0
The Alchemist,8493380.0,239158088.0
The All-American Rejects,483024437.0,1343395660.0
The Animals,41934628.0,125301371.0
The Beach Boys,25847677.0,1957760189.0
The Beatles,654203717.0,4509275028.0
The Black Keys,428980201.0,1529963781.0
The Cars,217099853.0,801055106.0
The Chainsmokers,5442223889.0,10396701259.0
The Chicks,287055648.0,848199681.0
The Cinematic Orchestra,283536092.0,625028685.0
The Clash,184628822.0,1707433900.0
The Cramps,11276479.0,115151275.0
The Cranberries,2453085283.0,2078216345.0
The Cure,610683617.0,68848994.0
The Doobie Brothers,62030113.0,1184387549.0
The Doors,83749197.0,1771125511.0
The Fray,559428520.0,2174346599.0
The Game,962192957.0,1301318708.0
The Goo Goo Dolls,534162349.0,1739078091.0
The Jackson 5,171980207.0,1763516198.0
The Kiboomers,789813194.0,144130312.0
The Kid LAROI,1043862852.0,4765926136.0
The Killers,1428182360.0,4036307741.0
The Kinks,56914922.0,1010749286.0
The Kooks,282436497.0,1422389614.0
The Living Tombstone,1103751487.0,1031486456.0
The Lumineers,1027937494.0,3116691765.0
The Lyndhurst Orchestra,127391180.0,395183889.0
The Mamas & The Papas,3122265100.0,878836976.0
The National,42290465.0,598962408.0
The Neighbourhood,930642070.0,4990069408.0
The Notorious B.I.G.,651866202.0,3370261577.0
The Offspring,717860041.0,2855408093.0
The Outfield,714987877.0,668598761.0
The Paper Kites,53813514.0,777954641.0
The Pointer Sisters,67880518.0,669957223.0
The Police,1490846787.0,3044340190.0
The Prodigy,461543148.0,624159329.0
The Pussycat Dolls,2375322370.0,1624740110.0
The Rolling Stones,910415024.0,3927782766.0
The Ronettes,20968568.0,811857328.0
The Score,401861185.0,989781761.0
The Script,1569788527.0,3413054204.0
The Smashing Pumpkins,522427622.0,1526082763.0
The Smiths,209887441.0,1662383999.0
The Strokes,688224096.0,2143099345.0
The Supremes,64798435.0,888580365.0
The Temper Trap,109843489.0,720714117.0
The Temptations,78834668.0,1270720254.0
The Vamps,643234430.0,1752247833.0
The Velvet Underground,62627031.0,617140514.0
The Verve,1056699675.0,1133652154.0
The Walters,23099964.0,939970349.0
The Weeknd,7046033154.0,13031973376.0
The White Stripes,662521384.0,1964127773.0
The Who,67511720.0,1514041248.0
The Wiggles,148786716.0,234761854.0
The Wombats,42481815.0,804693680.0
TheFatRat,602484522.0,673331144.0
Theory of a Deadman,327894092.0,797662861.0
Thiaguinho,486033029.0,392368538.0
Thin Lizzy,24473644.0,611143074.0
Third Eye Blind,77622171.0,903454467.0
Thirty Seconds To Mars,732870613.0,1311820465.0
Thomas Karallus,360792.0,1510414.0
Thomas Newman,24365118.0,294433339.0
Thomas Rhett,815439592.0,1977886387.0
Thousand Foot Krutch,193730071.0,766407721.0
Three 6 Mafia,132767915.0,321565351.0
Three Days Grace,1213136291.0,2253046807.0
Thundercat,98025994.0,655802119.0
ThxSoMch,4334367.0,0.0
Tiago PZK,1136831375.0,1440763252.0
Tiakola,92329595.0,314450872.0
Tim McGraw,308574023.0,1217962969.0
Timbaland,1773187582.0,1456707368.0
Timbiriche,4467630.0,506988314.0
Timmy Trumpet,170022460.0,386530973.0
Tina Turner,796949512.0,1296235127.0
Tinashe,309283276.0,1097318049.0
Tion Wayne,467420439.0,897117947.0
"Tito ""El Bambino""",380081821.0,537966471.0
Tiziano Ferro,228370493.0,307792739.0
Tiësto,770554645.0,3135617581.0
Toby Fox,206519196.0,457809044.0
Toby Keith,533463171.0,1022911049.0
TobyMac,252404532.0,257284273.0
Tom Grennan,128594094.0,872173245.0
Tom Jones,43505687.0,525364330.0
Tom Morello,16882391.0,71996715.0
Tom Odell,1261594992.0,2080045906.0
Tom Petty,272953651.0,1382143006.0
Tom Petty and the Heartbreakers,197125767.0,1121428367.0
Tom Rosenthal,84080552.0,509472851.0
Tommee Profitt,1079771162.0,568254236.0
Toni Braxton,1315720293.0,354118653.0
Tony Aguirre,64160513.0,126031457.0
Tony Bennett,59192783.0,515484833.0
Tony Dize,560799493.0,817368469.0
Too $hort,187413272.0,287052609.0
Topic,307567287.0,2193229396.0
Tory Lanez,670420018.0,1997891333.0
Tove Lo,2347466856.0,2055358267.0
Tracy Chapman,245555227.0,1375618931.0
Traditional,43022220.0,1754515.0
Train,1142986252.0,3202312272.0
Travis Barker,172740863.0,888285052.0
Travis Scott,2501253806.0,6373169661.0
Travis Tritt,65753602.0,494841643.0
Trey Songz,1093174161.0,1659049862.0
Tribo da Periferia,1479943875.0,404660686.0
Trippie Redd,154228452.0,1500643766.0
Troye Sivan,938139469.0,3601966278.0
Trueno,1146050919.0,1204297730.0
Tulsi Kumar,1403234514.0,519259171.0
Tulus,362906618.0,836141841.0
Turma do Pagode,861857802.0,539379773.0
Twenty One Pilots,7422772719.0,6994502319.0
Twista,127477831.0,465237521.0
Two Door Cinema Club,247248760.0,1552654678.0
Two Feet,674477991.0,1575180652.0
Ty Dolla $ign,2790891196.0,3844152496.0
Tyga,2717236742.0,3415135754.0
Tyler Childers,197527798.0,1151168653.0
"Tyler, The Creator",372502063.0,3250788259.0
Tz da Coronel,291828763.0,236129503.0
U2,887475854.0,3086620527.0
UB40,577140522.0,1167454456.0
UZI,285770764.0,547958313.0
Udit Narayan,1913240412.0,305887198.0
Udo Lindenberg,29607544.0,74438570.0
Ufo361,83235187.0,386033596.0
Usher,2575933034.0,3580004013.0
Vacations,15757181.0,676922067.0
Valentín Elizalde,649216999.0,818930999.0
Van Halen,336435091.0,1887380079.0
Van Morrison,157633694.0,1724216757.0
Vance Joy,621859160.0,3596129962.0
Vanesa Martín,198190437.0,370787472.0
Vasco Rossi,239986071.0,340109455.0
Vaundy,334264048.0,500143091.0
Vedo,122416548.0,465453349.0
Vengaboys,820656975.0,688122594.0
Vicente Fernández,614157064.0,979775576.0
Vicentico,769163035.0,627627111.0
Vierra,161164856.0,221284948.0
Vijay Prakash,247795355.0,137171838.0
Vijay Yesudas,209359858.0,135736299.0
Vilma Palma e Vampiros,253232229.0,459464376.0
Vince Gill,171968266.0,194054561.0
Vince Guaraldi Trio,31026026.0,349864499.0
Vince Staples,145185142.0,791294621.0
Vintage Culture,132798760.0,657499515.0
Vishal Dadlani,1475800242.0,265918338.0
Vishal Mishra,852276345.0,491053569.0
Vishal-Shekhar,1992265743.0,647413512.0
Volbeat,198258342.0,1111366913.0
Vybz Kartel,214220273.0,222387263.0
Víctor Manuelle,533879421.0,419801437.0
W&W,0.0,200962015.0
WALK THE MOON,898547327.0,1927379451.0
WILLOW,306288395.0,2031981023.0
WIU,286169766.0,362386440.0
WOS,603902360.0,853209953.0
WWE,69679690.0,211080789.0
Wale,596485341.0,967806385.0
Warren G,379717260.0,715963890.0
Waylon Jennings,160647763.0,655106440.0
Weezer,433131203.0,1795343683.0
Wesley Safadão,644227058.0,447720990.0
Westlife,1106437389.0,1017145233.0
Westside Gunn,3225613.0,95545569.0
Wham!,2178381697.0,2181495159.0
White 2115,176042442.0,197598286.0
White Noise Baby Sleep,2195277.0,1478254176.0
White Noise for Babies,160238693.0,1466122347.0
Whitesnake,274507595.0,694730664.0
Whitney Houston,3719491181.0,3436206356.0
Wiener Philharmoniker,11340891.0,149278026.0
Will Smith,928301486.0,1396680494.0
Willie Colón,42220336.0,728541932.0
Willie Nelson,223723906.0,601604208.0
Willy William,4299609356.0,1922742275.0
Wings,23700996.0,572908956.0
Wisin,4072477041.0,2858015912.0
Wisin & Yandel,0.0,1122041351.0
Wiz Khalifa,8477702349.0,5653365608.0
Wizkid,560220191.0,693529595.0
Wolfgang Amadeus Mozart,21194043.0,339171391.0
Wu-Tang Clan,182786502.0,978189320.0
Wyclef Jean,876992285.0,1224273234.0
X Ambassadors,349171468.0,2157483301.0
XXXTENTACION,2546374320.0,13224351699.0
Xamã,838011115.0,980707602.0
Xand Avião,792420564.0,550485237.0
Xavier Wulf,32553418.0,365338511.0
Xzibit,130753725.0,288285974.0
YG,1194796747.0,1706442600.0
YNW Melly,1363255333.0,3279656074.0
YOASOBI,785828673.0,1217120932.0
YSY A,257929729.0,347525092.0
Yandel,2353538676.0,1824975999.0
Yann Tiersen,53876002.0,687022518.0
Yeah Yeah Yeahs,217078980.0,763563561.0
Years & Years,82571050.0,1216249208.0
Yeat,110950778.0,822147311.0
Yelawolf,691137240.0,524345245.0
Ying Yang Twins,185129053.0,285421720.0
Yiruma,651204651.0,727123547.0
Yo Gotti,564435634.0,1072907172.0
Yo Yo Honey Singh,2054148609.0,260123442.0
Yo-Yo Ma,74712334.0,596934616.0
Yoko Ono,54501078.0,518973266.0
Youjeen,98427.0,0.0
Young Cister,78000482.0,228136555.0
Young Dolph,272186112.0,417961234.0
Young Nudy,46592851.0,579129953.0
Young Thug,551751817.0,2143179292.0
YoungBoy Never Broke Again,771403700.0,1833288056.0
Yovie & Nuno,0.0,215296193.0
Yung Gravy,209909758.0,1208107599.0
Yuri,376478141.0,553510900.0
Yuridia,1707596744.0,709280053.0
Yusuf / Cat Stevens,54542797.0,1396342349.0
Yuvan Shankar Raja,293321600.0,216484188.0
ZAYN,4411854176.0,5475394271.0
ZZ Top,396748934.0,1279644556.0
Zac Brown Band,393249038.0,1881624099.0
Zac Efron,267021342.0,2277074805.0
Zach Bryan,74429486.0,767546202.0
Zack Tabudlo,145947621.0,629212221.0
Zara Larsson,3409015396.0,4973911777.0
Zeca Pagodinho,128584930.0,203084331.0
Zedd,1475674885.0,4525378236.0
Zendaya,573776953.0,2336588485.0
Zezé Di Camargo & Luciano,258832540.0,258756607.0
Zion,963189023.0,760742083.0
Zion & Lennox,22620403.0,3615791083.0
Zoé,1628552828.0,1330997845.0
Zé Felipe,1540107477.0,881307370.0
Zé Neto & Cristiano,0.0,1388629862.0
Zé Ramalho,1517712896.0,327146993.0
a-ha,2000110538.0,1684469814.0
accelerate,10821331.0,52148300.0
alt-J,594527846.0,1917353281.0
back number,457732255.0,410018266.0
bbno$,792634184.0,1613887954.0
beabadoobee,593661164.0,1840722964.0
benny blanco,1796975142.0,3670267488.0
blackbear,536205022.0,3635122379.0
blink-182,1451952351.0,3151991097.0
creamy,7220156.0,154288257.0
d4vd,48661419.0,656519739.0
dazy,266735837.0,0.0
deadmau5,92623718.0,171093388.0
fun.,1434213291.0,1754458570.0
girl in red,282610901.0,1931628022.0
iann dior,564302801.0,2982736540.0
j-hope,663527708.0,687872366.0
keshi,108064793.0,838416268.0
kevoxx,42465717.0,86947091.0
mor ve ötesi,220759870.0,370506587.0
sped up nightcore,7618744.0,161780668.0
surrenderdorothy,1755840.0,56430938.0
t.A.T.u.,555455614.0,528432090.0
thasup,70731847.0,311907811.0
will.i.am,2831320166.0,1362307072.0
Ángela Aguilar,1385295291.0,591152036.0
Ñejo,626680824.0,527516023.0
Ñengo Flow,812726315.0,1497314419.0
Øneheart,34623310.0,255199435.0
